service_id,stratum,burstiness,mean_demand,peak_demand,cv,zero_rate,n_intervals,coverage,is_focused_20
MS_31285,G1,1.181148933500968,432.7615597900145,511.155854806191,0.15982792013722355,0.0,18720,1.0,True
MS_63525,G1,1.2223040296818242,309.807228859767,378.67862425985237,0.22606036505878013,0.0,18720,1.0,True
MS_70053,G1,1.4613604420807698,736.1290934956602,1075.7499374993342,0.29578497679929316,0.0,18720,1.0,True
MS_6298,G1,1.49886645459363,434.6236615929524,651.4428267343302,0.15720348983077104,0.0,18720,1.0,True
MS_8458,G1,1.5225273206353114,305.2815955873394,464.7995697688645,0.3184290776989351,0.0,18720,1.0,True
MS_29860,G1,1.7434095185873206,701.9319784479984,1223.7548926270704,0.2601928253304199,0.0,18720,1.0,True
MS_42222,G1,1.7626172510647973,408.89500257717924,720.7253854167209,0.4268626254484683,0.0,18720,1.0,True
MS_51399,G1,1.1879587919074832,11.025571770544735,13.097924920625573,0.06495728760570306,0.0,18720,1.0,False
MS_52418,G1,1.2518948865196322,0.6211543863382966,0.7776199999961535,0.050861036502144186,0.0,18720,1.0,False
MS_5229,G1,1.2548060814774,62.236275442248164,78.09445691343556,0.09246946600915187,0.0,18720,1.0,False
MS_30768,G1,1.260169229022627,0.4769491690601745,0.6010366666575426,0.07399790955021762,0.0,18720,1.0,False
MS_10887,G1,1.2631359359351952,11.654409406398955,14.721103333323686,0.08185391621607536,0.0,18720,1.0,False
MS_23709,G1,1.3347487350848737,8.874600453248984,11.845361729357728,0.13001798210032323,0.0,18720,1.0,False
MS_20697,G1,1.3412331636023105,0.8357879780251887,1.1209865538675021,0.08404410496212007,0.0,18720,1.0,False
MS_11699,G1,1.348595495853897,0.26768050199700905,0.3609927193210765,0.08019570685644418,0.0,18720,1.0,False
MS_46807,G1,1.35637712282368,0.2664266404387292,0.3613750000018627,0.0330186029800496,0.0,18719,0.9999465811965812,False
MS_63343,G1,1.3804224114483088,97.75185277661033,134.9388483334285,0.18491036361288912,0.0,18720,1.0,False
MS_27193,G1,1.3962374568461209,0.1083069512876706,0.1512222222246539,0.03514215962197897,0.0,18720,1.0,False
MS_47653,G1,1.4277122686421753,0.5280830954839556,0.7539507142849807,0.09562064512755522,0.0,18720,1.0,False
MS_10337,G1,1.441105050329884,0.30134629433760796,0.4342716666681225,0.1306711726805526,0.0,18720,1.0,False
MS_23318,G1,1.4419530301898709,0.6010702026016569,0.8667149999982987,0.11046257442124406,0.0,18720,1.0,False
MS_67468,G1,1.443823185963518,0.10768862478667895,0.1554833333315327,0.07362674928306571,0.0,18720,1.0,False
MS_50205,G1,1.4509770540731621,0.5422699259785643,0.7868212197088489,0.10464904320352857,0.0,18720,1.0,False
MS_8263,G1,1.459203481840154,0.0357158321738051,0.052116666664835,0.04997226886900398,0.0,18720,1.0,False
MS_28781,G1,1.4819725302931093,0.17579048284841425,0.2605166666683119,0.07391841950619063,0.0,18720,1.0,False
MS_28463,G1,1.4842332108085805,0.3766479076619647,0.5590333333334516,0.07931157136344855,0.0,18720,1.0,False
MS_62044,G1,1.5284898652847483,0.22493443221747259,0.343809999997986,0.14503695905655287,0.0,18720,1.0,False
MS_3649,G1,1.5829260267720426,0.7411285472753562,1.1731516666659154,0.22688987936958285,0.0,18720,1.0,False
MS_11499,G1,1.5848801582491006,5.998166454750903,9.506375000010058,0.2155470697321887,0.0,18720,1.0,False
MS_52173,G1,1.585441074276324,0.8915447502893447,1.4134916666641557,0.1544411244440808,0.0,18720,1.0,False
MS_27418,G1,1.6034847636578362,0.07319187161621488,0.117362050960201,0.06905880335277469,0.0,18720,1.0,False
MS_35563,G1,1.642464901033848,0.05287784228721975,0.0868499999991618,0.1367962095890913,0.0,18719,0.9999465811965812,False
MS_388,G1,1.671773204634783,0.3644005049917254,0.60919500000055,0.14707341669351576,0.0,18720,1.0,False
MS_35328,G1,1.672127335306699,0.040342820735400214,0.0674583333350406,0.10570714683274061,0.0,18720,1.0,False
MS_71905,G1,1.6859313276884367,27.862343901473114,46.97399844632238,0.21914995730087183,0.0,18720,1.0,False
MS_58450,G1,1.707022382923043,8.979745561592154,15.328626666591658,0.15230647626182015,0.0,18720,1.0,False
MS_53198,G1,1.7079539906967376,0.26140731489347435,0.44647166666962823,0.1015645815178995,0.0,18720,1.0,False
MS_6149,G1,1.716265464059537,0.10485460268220913,0.17995833333116001,0.05902320358007396,0.0,18720,1.0,False
MS_8778,G1,1.7487971874554926,0.2885068683909275,0.504540000003646,0.07074120789968655,0.0,18720,1.0,False
MS_13962,G1,1.756477246599795,1.3468482657073133,2.365708333337291,0.12250378209481501,0.0,18720,1.0,False
MS_66711,G2,2.35551956339094,370.39203624516796,872.4656874996992,0.4300119707449903,0.0,18720,1.0,True
MS_11441,G2,1.8151929898740649,0.033478533872745686,0.0607699999970694,0.04175768093872028,0.0,18718,0.9998931623931624,False
MS_32912,G2,1.817321751999813,23.768115822857347,43.19431388892959,0.35424914730666146,0.0,18720,1.0,False
MS_2857,G2,1.8400526432978115,0.06774262706823202,0.1246500000008382,0.0469452939648998,0.0,18719,0.9999465811965812,False
MS_54453,G2,1.8459744495659003,0.0541945023614743,0.1000416666662204,0.22795142353357717,0.0,18576,0.9923076923076923,False
MS_12086,G2,1.8470949114866606,0.04520612313034268,0.0835000000020954,0.1578051829860865,0.0,18720,1.0,False
MS_53426,G2,1.860296973138903,0.10734643601052016,0.1996962499876196,0.09717338188599309,0.0,18720,1.0,False
MS_63876,G2,1.8639795503869014,6.926103345565659,12.91011500000069,0.2766661326916119,0.0,18720,1.0,False
MS_53246,G2,1.8678324583529673,79.41538001824442,148.3346244905126,0.3685709074594854,0.0,18720,1.0,False
MS_2625,G2,1.8692231923870386,0.03419424011374673,0.0639166666666666,0.06034185907773304,0.0,18719,0.9999465811965812,False
MS_16359,G2,1.890949664760818,0.03842866260201852,0.0726666666644935,0.20566235193847424,0.0,18720,1.0,False
MS_13651,G2,1.918528243461919,0.4528549438708706,0.8688150000076273,0.24261340023423406,0.0,18720,1.0,False
MS_58147,G2,1.927264879199973,0.14859400131940423,0.2863800000026822,0.05932518387363693,0.0,18720,1.0,False
MS_51720,G2,1.9543290737698633,0.20463118112199877,0.399916666666589,0.06913554297738231,0.0,18720,1.0,False
MS_53161,G2,1.9766831056173229,0.012510435585825186,0.0247291666664144,0.09505317191492696,0.0,18720,1.0,False
MS_21353,G2,1.988990226663092,0.11734150725605229,0.2333911111142043,0.16378860620348504,0.0,18720,1.0,False
MS_4454,G2,1.9933429463998242,0.21227963400566394,0.4231461111095265,0.07531640175408207,0.0,18720,1.0,False
MS_3143,G2,2.025832692169008,0.028465661003971385,0.0576666666660457,0.22466004437953832,0.0,18719,0.9999465811965812,False
MS_63072,G2,2.039372371629101,1.1214234496017523,2.2870000000148134,0.27122780248776507,0.0,18720,1.0,False
MS_47720,G2,2.0394083353574124,0.07929178798086364,0.161708333333566,0.06561428882886766,0.0,18720,1.0,False
MS_13719,G2,2.051151237080609,0.4499668202486876,0.9229499999983235,0.22373900931415835,0.0,18720,1.0,False
MS_11974,G2,2.0550588229574984,0.16942403074676723,0.3481763492071665,0.07348658030933725,0.0,18720,1.0,False
MS_19258,G2,2.101962068704716,0.05693093536193697,0.1196666666666715,0.0975936791948861,0.0,18720,1.0,False
MS_49270,G2,2.1100234279682843,2.502018427863207,5.279317499999742,0.5003059078235818,0.0,18720,1.0,False
MS_43017,G2,2.1267474652702747,8.265208029634625,17.57801022695696,0.45155764235950524,0.0,18720,1.0,False
MS_63863,G2,2.1307010750207294,0.5154602302154648,1.0982916666505236,0.4516884071146624,0.0,18720,1.0,False
MS_40637,G2,2.1343043635420296,2.055127066969789,4.386266666666954,0.2744665847231412,0.0,18715,0.999732905982906,False
MS_61013,G2,2.1488029557810413,8.59217102726073,18.46288249995408,0.3771277860510843,0.0,18720,1.0,False
MS_11565,G2,2.1505431732176286,12.107504463779179,26.037711069282278,0.2732259501197005,0.0,18720,1.0,False
MS_52795,G2,2.1506233320338204,0.00334205432116607,0.007187500000024201,0.10471029819629303,0.0,18720,1.0,False
MS_56493,G2,2.2292592398907796,0.43792723423062,0.9762533333084235,0.12147101669390012,0.0,18720,1.0,False
MS_35103,G2,2.235768540893216,0.0982510768220045,0.2196666666675203,0.058510332749369905,0.0,18720,1.0,False
MS_42441,G2,2.3225707683235277,1.2568859930932623,2.9192066666736984,0.3396053175069104,0.0,18720,1.0,False
MS_44429,G2,2.3407109384148614,0.24131130022423875,0.5648399999979883,0.1069461041150728,0.0,18720,1.0,False
MS_66541,G2,2.372845181172551,3.2943868845236035,7.817070043859887,0.29942959810584785,0.0,18720,1.0,False
MS_18603,G2,2.4016527547890867,0.033882916602793835,0.0813749999993887,0.16526375869561685,0.0,18720,1.0,False
MS_72439,G2,2.418967224390961,0.3568327251265231,0.8631666666711681,0.3410822957995354,0.0,18720,1.0,False
MS_61177,G2,2.4323772974820788,3.6118778495707398,8.785449682574258,0.460587613236011,0.0,18720,1.0,False
MS_6898,G2,2.440218499052612,13.092236076032771,31.947916666699147,0.4900877683610746,0.0,18720,1.0,False
MS_7452,G2,2.4740328776866845,13.799737791667841,34.14100500004168,0.18005481762113146,0.0,18720,1.0,False
MS_21035,G3,2.498039150587845,282.0057966935985,704.4615208333253,0.5117350280717006,0.0,18720,1.0,True
MS_48534,G3,2.664865517162488,307.07005284435655,818.3003951781889,0.4512729872766861,0.0,18720,1.0,True
MS_19988,G3,2.8419939804729255,284.51671764426436,808.5947988889143,0.461365893981686,0.0,18720,1.0,True
MS_491,G3,3.1110759709494253,378.1561062214986,1176.4723753335027,0.5612039535944174,0.0,18720,1.0,True
MS_54666,G3,2.5426956729345664,0.06663695612488463,0.1694374999962747,0.4845765680259668,0.0,18716,0.9997863247863248,False
MS_28288,G3,2.5771592275322646,0.14929228892403903,0.3847500000000001,0.0928345492057442,0.0,18719,0.9999465811965812,False
MS_67564,G3,2.5905774407007733,0.43316349719616487,1.1221435839714373,0.06011448563998635,0.0,18720,1.0,False
MS_43475,G3,2.5990306104696193,1.7726593653070228,4.607195952368599,0.19641317819931722,0.0,18720,1.0,False
MS_46485,G3,2.739162005970513,0.3560559754718769,0.9752950000113341,0.3037851495153938,0.0,18720,1.0,False
MS_46281,G3,2.75133361336802,0.4537478336314226,1.2484116666630534,0.25097441902967277,0.0,18720,1.0,False
MS_14593,G3,2.814614639681545,0.07926840031841045,0.2231100000003353,0.08766748671153725,0.0,18720,1.0,False
MS_18410,G3,2.8173731636160606,0.2432082274998305,0.685208333328652,0.09568285025172027,0.0,18720,1.0,False
MS_1024,G3,2.8192923021673013,0.6205753592767441,1.7495833333236321,0.14975263099239727,0.0,18720,1.0,False
MS_1996,G3,2.8293795353340405,4.716522886618587,13.344833333333264,0.5737704854292047,0.0,18720,1.0,False
MS_29101,G3,2.845598089349768,0.33429879067015483,0.9512800000029306,0.11145767013455639,0.0,18720,1.0,False
MS_27176,G3,2.873862735580699,0.018587062633546314,0.0534166666664532,0.2059122940654943,0.0,18720,1.0,False
MS_71596,G3,2.9131667381667445,1.5432859052522927,4.495849166662533,0.4335726350320113,0.0,18720,1.0,False
MS_58757,G3,2.9155238811509596,5.930468402378603,17.290422253545994,0.41383311512419574,0.0,18720,1.0,False
MS_12130,G3,2.918800495146262,0.057969018533363295,0.1691999999983236,0.16933728882216473,0.0,18705,0.999198717948718,False
MS_1955,G3,2.9995780375799383,0.06287662163547077,0.1886033333349817,0.22566604551768513,0.0,18720,1.0,False
MS_20017,G3,3.0015245095777403,0.01372913437900724,0.0412083333338766,0.0888482961404999,0.0,18712,0.9995726495726496,False
MS_50276,G3,3.020417600816134,2.1800539539802197,6.584673333330661,0.17552990809686653,0.0,18720,1.0,False
MS_55141,G3,3.087016101618758,1.1071843232505338,3.4178958333342657,0.49794740312919744,0.0,18720,1.0,False
MS_47967,G3,3.119585211155625,0.012822217471854287,0.0399999999994179,0.16943893112909178,0.0,18712,0.9995726495726496,False
MS_23024,G3,3.134698171101873,0.15407809842415326,0.4829883333370476,0.08453070008510638,0.0,18720,1.0,False
MS_70111,G3,3.1680953539179946,1.1651388045443576,3.691270833346546,0.14053546238348447,0.0,18720,1.0,False
MS_34120,G3,3.1809017434753164,0.37248347446288366,1.18483333333473,0.626398426079656,0.0,18720,1.0,False
MS_71226,G3,3.3063558671540436,1.8870919376781614,6.239397500001282,0.2673801246153538,0.0,18720,1.0,False
MS_44882,G3,3.316060117949492,0.45373725037395246,1.5046199999931271,0.24005526694441548,0.0,18720,1.0,False
MS_25970,G3,3.407374633273053,0.12942515791883577,0.441,0.1381042692179368,0.0,18720,1.0,False
MS_62212,G3,3.4931858080799314,0.2826188053641736,0.9872399999946356,0.6571468030856105,0.0,18720,1.0,False
MS_11279,G3,3.5480924320520297,0.24081014884179608,0.8544166666668995,0.13373978597981281,0.0,18719,0.9999465811965812,False
MS_31924,G3,3.5724424291084365,5.288333413781145,18.892266666663623,0.20722127820128616,0.0,18720,1.0,False
MS_60788,G3,3.6775070225165862,0.49690845582388327,1.8273843358402035,0.11596395803426214,0.0,18720,1.0,False
MS_48290,G3,3.739005132267631,0.1213397639083173,0.4536900000013411,0.1366079023554528,0.0,18717,0.9998397435897436,False
MS_6905,G3,3.752935165735395,1.1759675574245303,4.413330000022477,0.11068707550847674,0.0,18720,1.0,False
MS_42111,G3,3.759516240019605,0.05303341900223909,0.1993800000026822,0.10017974024571247,0.0,18720,1.0,False
MS_61651,G3,3.7722023860449334,2.7755050220480157,10.469766666649221,0.4151991696084562,0.0,18720,1.0,False
MS_37521,G3,3.7923493166035236,6.314045016802011,23.94506430447299,0.35669818930823893,0.0,18720,1.0,False
MS_71263,G3,3.8246717996093067,0.22339128116096826,0.8543983333349491,0.11068195890864475,0.0,18720,1.0,False
MS_46462,G4,3.87275752345825,0.4903147146424412,1.8988699999937992,0.11979438769590196,0.0,18720,1.0,False
MS_27969,G4,3.9763772528585606,8.70957795989912,34.63256768174113,0.3014368191082723,0.0,18720,1.0,False
MS_57245,G4,4.030602937674802,0.18086624042912908,0.7289999999998447,0.247380483127377,0.0,18720,1.0,False
MS_37298,G4,4.104108393946677,0.2408781409026849,0.9885899999969794,0.19246323511625638,0.0,18720,1.0,False
MS_15967,G4,4.153721698095229,0.5164131885984643,2.1450366666639846,0.08817452136746645,0.0,18720,1.0,False
MS_69490,G4,4.161594172150628,1.441839093015434,6.0003491666719775,0.31045332748239207,0.0,18720,1.0,False
MS_30565,G4,4.168476762586937,0.05494839581847562,0.2290511111107448,0.1309410001946647,0.0,18718,0.9998931623931624,False
MS_7991,G4,4.236800125560377,4.3669738971070196,18.50199555558191,0.22339939664945122,0.0,18720,1.0,False
MS_27397,G4,4.242711517598798,0.23508079582256367,0.9973800000026825,0.15777616285106041,0.0,18710,0.999465811965812,False
MS_15128,G4,4.2517702809823,1.8887442490944892,8.03050666667618,0.26396089011940493,0.0,18720,1.0,False
MS_9719,G4,4.280409116581977,0.38284891826062173,1.6387499999963133,0.38721523766887894,0.0,18720,1.0,False
MS_30671,G4,4.304941189665618,1.438161535916208,6.191200833358453,0.2161564543583186,0.0,18720,1.0,False
MS_25052,G4,4.515607364536126,0.19356975251246075,0.8740849999967031,0.30068348336357775,0.0,18717,0.9998397435897436,False
MS_30924,G4,4.601736101733739,0.7231325148682363,3.3276650000066725,0.22872347889298755,0.0,18720,1.0,False
MS_70171,G4,4.61905309913719,3.999448322019921,18.473664166665152,0.6328951307590188,0.0,18720,1.0,False
MS_45555,G4,4.65770061970001,0.2176102364879888,1.013563333343171,0.16624483721735958,0.0,18720,1.0,False
MS_43533,G4,4.664667724702283,0.2900278033036323,1.3528833333367558,0.1461359415090136,0.0,18720,1.0,False
MS_538,G4,4.670967589587056,13.111219925796297,61.24208333334251,0.8190238133092258,0.0,18575,0.9922542735042735,False
MS_26482,G4,4.770248456172067,1.1344608252010278,5.411660000002891,0.35560440180426667,0.0,18720,1.0,False
MS_40697,G4,4.95615296031504,0.5319690536413724,2.636520000000678,0.28249658326537586,0.0,18720,1.0,False
MS_16026,G4,5.05005923936399,0.5088829194040811,2.569888888891101,0.45779010828171157,0.0,18720,1.0,False
MS_33212,G4,5.133483446606944,0.30973136465148976,1.590000833333402,0.5646971481797101,0.0,18719,0.9999465811965812,False
MS_73103,G4,5.141038831108891,0.18830354431000815,0.9680758333331856,0.5806257748734021,0.0,18720,1.0,False
MS_7859,G4,5.2079840404321,0.22252948377088416,1.1589300000043588,0.22562752925167054,0.0,18720,1.0,False
MS_32853,G4,5.297067623590156,0.6086203844135517,3.2239033333340195,0.2742212899707519,0.0,18720,1.0,False
MS_36788,G4,5.320621805827257,0.04586901222719344,0.24405166666776248,0.20057843619232818,0.0,18720,1.0,False
MS_18581,G4,5.490552570167397,0.19873591702465093,1.0911700000042717,0.09277873219445068,0.0,18720,1.0,False
MS_40095,G4,5.601286159808655,2.429876748248028,13.61043500000254,0.41459315103515726,0.0,18463,0.9862713675213676,False
MS_15705,G4,5.679399723576092,0.14967984435742962,0.8500916666684982,0.12171945703085393,0.0,18720,1.0,False
MS_58138,G4,5.777106253573587,0.1809937283653942,1.045619999997318,0.1705488794796628,0.0,18720,1.0,False
MS_42044,G4,5.820003348273324,0.34629161062635894,2.015418333324371,0.21885676740430918,0.0,18649,0.996207264957265,False
MS_45549,G4,5.832339934065415,0.3898692507111136,2.2738499999865893,0.487075290509225,0.0,18720,1.0,False
MS_65750,G4,5.903729435154246,0.1356559175234865,0.8008758333362639,0.3010929931014844,0.0,18719,0.9999465811965812,False
MS_22525,G4,5.9598679026119195,0.12750618175045358,0.75991999999913,0.23477097248543624,0.0,18720,1.0,False
MS_32026,G4,6.055749892548107,0.40599582385149346,2.4586091666636616,0.40335589466341526,0.0,18720,1.0,False
MS_62463,G4,6.062116050332223,0.3708542772885584,2.248161666685327,0.4735065703711614,0.0,18720,1.0,False
MS_59727,G4,6.128731744648053,0.2448271620487509,1.5004800000002727,0.07019467928113973,0.0,18720,1.0,False
MS_6566,G4,6.131731357650419,0.18065859956827512,1.107750000002003,0.2129917981702347,0.0,18720,1.0,False
MS_40765,G4,6.3154360384572374,0.15732880421128828,0.9936000000033528,0.3191082925171511,0.0,18177,0.9709935897435897,False
MS_30161,G4,6.398149089836879,0.22156251442307823,1.4175899999979884,0.21870258356723998,0.0,18720,1.0,False
MS_2024,G5,8.068645019265285,117.26434522039743,946.1643749999646,0.5053565772584379,0.0,18720,1.0,True
MS_49699,G5,9.443968772942812,52.373343309549625,494.61221875,0.5627353162024376,0.0,18720,1.0,True
MS_14526,G5,19.23877711484424,38.922291791601765,748.8172965775578,1.3871298598794097,0.0,18720,1.0,True
MS_12652,G5,25.532841476183705,14.985958136297986,382.6340934628219,0.5799824734050446,0.0,18720,1.0,True
MS_51028,G5,27.661644990670734,16.842726861263706,465.8975311111106,1.4925878914678528,0.0,18720,1.0,True
MS_5201,G5,35.97238462547868,5.936539530439614,213.55148333333238,2.19706312307539,0.0,18720,1.0,True
MS_345,G5,40.899375685092146,11.224400375018675,459.070967777778,1.7897699087993302,0.0,18720,1.0,True
MS_25320,G5,49.753074053306385,40.696321956521246,2024.76712,2.5662778268399813,0.0,18706,0.9992521367521368,True
MS_65287,G5,6.602100707872321,0.38988385877403803,2.5740525000000685,0.29686963231870167,0.0,18720,1.0,False
MS_28838,G5,6.6167029869961205,4.340555518830128,28.720166666665804,0.8080393001568141,0.0,18720,1.0,False
MS_63971,G5,6.714122687492642,0.3664943951530639,2.46068833333608,0.21354180079045154,0.0,18720,1.0,False
MS_53682,G5,6.950092321690483,0.28519029635165694,1.9820988888942843,0.18900536391289827,0.0,18720,1.0,False
MS_61973,G5,7.1067197017026,0.2594513939952565,1.843848333340293,0.1737016424607313,0.0,18679,0.9978098290598291,False
MS_17824,G5,7.301493327021191,0.09361304179692188,0.683515000002381,0.26371538070100997,0.0,18720,1.0,False
MS_69602,G5,7.35038209777111,0.3994406858871285,2.9360416666661626,0.8445018553479272,0.0,18720,1.0,False
MS_36624,G5,7.682295132992031,0.22090707320473418,1.6970733333242436,0.33967878038358285,0.0,18720,1.0,False
MS_8307,G5,7.736385584907879,0.13643451304442608,1.055510000000824,0.262394438705158,0.0,18720,1.0,False
MS_2463,G5,7.771033841468624,0.03149516589348384,0.2447500000009313,0.5482043310239237,0.0,18718,0.9998931623931624,False
MS_70502,G5,7.91004118028442,0.001772206850405038,0.014018229166686,0.3622276451103282,0.0,18720,1.0,False
MS_58821,G5,8.077234584248538,0.12086479885546537,0.976253333333608,0.15062639175681855,0.0,18719,0.9999465811965812,False
MS_40326,G5,8.419956707941637,0.2052738186927094,1.7283966666664736,0.11561097445696895,0.0,18720,1.0,False
MS_6712,G5,8.435204677903315,0.054360467134493676,0.45854166666589047,0.3425110831707302,0.0,18720,1.0,False
MS_29824,G5,8.665762769117594,27.203587221824865,235.73983333333302,0.7909487154925338,0.0,18720,1.0,False
MS_18314,G5,9.078985131586151,0.09708776042224461,0.8814583333325572,0.2249367461444492,0.0,18720,1.0,False
MS_33466,G5,9.191409232294438,0.06204162882834736,0.5702499999994567,0.19488987746904232,0.0,18720,1.0,False
MS_44648,G5,9.433821211468782,0.26088951071143224,2.4611849999992215,0.2686234503649346,0.0,18720,1.0,False
MS_50803,G5,9.968761346280527,0.10372151204008107,1.0339750000029304,0.43439370466717686,0.0,18717,0.9998397435897436,False
MS_23925,G5,10.167707865727238,0.0448998279024208,0.4565283333332433,0.191657225509829,0.0,18720,1.0,False
MS_28160,G5,11.351423908432567,0.09446832473611978,1.0723499999991617,0.12199673321468413,0.0,18720,1.0,False
MS_53224,G5,11.825826237163845,0.042727810854929875,0.5052916666648039,0.5160517152586082,0.0,18720,1.0,False
MS_5887,G5,12.57075128832059,0.0643708543300914,0.8091900000002935,0.4723329224355718,0.0,18705,0.999198717948718,False
MS_3730,G5,12.93610346873699,0.03875780687836264,0.5013749999998253,0.6846912600131775,0.0,18720,1.0,False
MS_43833,G5,13.125277771628218,0.03691350449339962,0.4845000000001164,1.1666089459324267,0.0,18719,0.9999465811965812,False
MS_54415,G5,13.844164152884812,0.04763138166987535,0.659416666666463,0.6233534306024695,0.0,18720,1.0,False
MS_64917,G5,14.1727537955601,0.07051276092251582,0.999360000000008,0.567525986084002,0.0,18718,0.9998931623931624,False
MS_13362,G5,15.404019812482428,0.01876945131982821,0.2891250000000582,0.3221044842419738,0.0,18720,1.0,False
MS_66503,G5,17.528832365550024,0.02965590191591403,0.5198333333332508,0.2045445349164798,0.0,18720,1.0,False
MS_64883,G5,18.394227422684487,0.014365318123959745,0.2642389285713268,0.31163224641395126,0.0,18719,0.9999465811965812,False
MS_53755,G5,19.82421800367675,0.0504359532945207,0.999853333333837,0.2906488197063535,0.0,18719,0.9999465811965812,False
MS_15586,G5,21.451117204931222,0.02506279718972055,0.5376250000001164,0.315650417648082,0.0,18717,0.9998397435897436,False
